LSOA_code,AB_Higher_and_intermediate_managerial/administrative/professional_occupations,C1_Supervisory_clerical_and_junior_managerial/administrative/professional_occupations,C2_Skilled_manual_occupations,DE_Semi-skilled_and_unskilled_manual_occupations_unemployed_and_lowest_grade_occupations,Population,LSOA_name
E01007434,344,746,568,455,2463,Barnsley
E01007435,110,320,351,470,1611,Barnsley
E01007438,159,385,253,190,1430,Barnsley
E01007439,269,363,316,136,1451,Barnsley
E01007430,144,369,356,409,1655,Barnsley
E01007436,130,380,267,256,1391,Barnsley
E01007437,123,311,326,355,1399,Barnsley
E01007440,76,282,363,490,1478,Barnsley
E01007329,165,360,449,263,1576,Barnsley
E01007331,210,423,422,310,1819,Barnsley
E01007342,135,300,243,230,1264,Barnsley
E01007343,97,219,317,414,1461,Barnsley
E01007356,236,300,284,130,1438,Barnsley
E01007357,135,334,293,326,1410,Barnsley
E01007361,293,645,362,292,1923,Barnsley
E01007362,397,622,494,183,2137,Barnsley
E01007363,158,326,369,373,1629,Barnsley
E01007355,332,399,259,148,1436,Barnsley
E01007358,309,421,187,177,1401,Barnsley
E01007359,157,358,313,274,1441,Barnsley
E01007360,161,333,310,232,1491,Barnsley
E01007386,322,476,323,152,1805,Barnsley
E01007328,174,406,516,641,2102,Barnsley
E01007330,236,504,388,277,1773,Barnsley
E01007332,146,472,588,770,2417,Barnsley
E01007333,84,265,373,534,1487,Barnsley
E01007323,94,351,385,510,1539,Barnsley
E01007324,93,250,441,513,1645,Barnsley
E01007325,45,320,331,721,1630,Barnsley
E01007326,76,337,420,545,1696,Barnsley
E01007327,71,298,338,476,1670,Barnsley
E01007411,75,241,363,619,1485,Barnsley
E01007341,52,191,279,587,1292,Barnsley
E01007345,93,387,346,447,1602,Barnsley
E01007346,158,417,392,362,1593,Barnsley
E01007347,288,499,433,275,1806,Barnsley
E01007334,154,326,300,187,1297,Barnsley
E01007335,129,362,280,239,1403,Barnsley
E01007400,383,629,492,300,2294,Barnsley
E01007404,87,303,298,148,1308,Barnsley
E01007406,104,338,301,526,1676,Barnsley
E01007408,197,377,272,273,1441,Barnsley
E01007409,276,399,244,215,1461,Barnsley
E01007410,138,382,308,577,1774,Barnsley
E01032551,383,715,513,478,2581,Barnsley
E01034258,174,321,404,354,1489,Barnsley
E01034259,139,355,268,450,1463,Barnsley
E01007344,290,733,704,547,2626,Barnsley
E01007402,115,375,454,770,1972,Barnsley
E01007403,96,215,330,575,1454,Barnsley
E01007405,167,435,364,391,1922,Barnsley
E01007379,176,351,255,166,1449,Barnsley
E01007380,409,542,327,178,1846,Barnsley
E01007381,415,625,405,228,2077,Barnsley
E01007387,158,374,341,217,1393,Barnsley
E01007442,189,381,193,83,1452,Barnsley
E01007444,376,638,361,327,2165,Barnsley
E01007446,118,316,319,146,1281,Barnsley
E01007336,140,323,277,488,1509,Barnsley
E01007340,129,492,394,700,1876,Barnsley
E01007415,179,384,297,285,1507,Barnsley
E01007417,190,415,405,623,1849,Barnsley
E01007441,159,477,311,396,1524,Barnsley
E01007443,194,536,441,881,2254,Barnsley
E01007445,142,403,300,468,1574,Barnsley
E01007372,92,413,357,572,1693,Barnsley
E01007373,21,301,407,747,1731,Barnsley
E01007374,119,302,304,214,1329,Barnsley
E01007375,139,400,387,318,1733,Barnsley
E01007377,73,290,318,517,1406,Barnsley
E01007378,58,318,357,580,1625,Barnsley
E01007319,157,341,306,196,1424,Barnsley
E01007321,181,313,270,125,1410,Barnsley
E01007322,208,593,504,524,2117,Barnsley
E01007337,104,462,409,623,1812,Barnsley
E01007418,319,299,148,55,1285,Barnsley
E01007419,398,450,166,81,1571,Barnsley
E01007420,349,317,176,79,1390,Barnsley
E01007425,599,433,197,80,1842,Barnsley
E01007338,76,235,212,588,1580,Barnsley
E01007339,72,251,279,702,1478,Barnsley
E01007413,59,270,322,593,1454,Barnsley
E01007414,221,537,504,666,2261,Barnsley
E01007317,74,253,275,584,1521,Barnsley
E01007318,84,366,359,520,1592,Barnsley
E01007320,86,350,401,619,1712,Barnsley
E01007416,53,277,310,528,1406,Barnsley
E01007382,200,412,354,275,1599,Barnsley
E01007383,303,390,256,121,1319,Barnsley
E01007384,339,479,248,139,1677,Barnsley
E01007385,83,246,299,334,1382,Barnsley
E01007348,95,296,290,379,1489,Barnsley
E01007349,164,288,380,386,1563,Barnsley
E01007350,111,183,184,126,1109,Barnsley
E01007351,127,419,339,459,1725,Barnsley
E01007352,61,310,349,492,1469,Barnsley
E01007353,173,416,392,387,1694,Barnsley
E01007354,140,336,424,333,1641,Barnsley
E01007458,132,347,328,379,1467,Barnsley
E01007459,162,322,261,196,1513,Barnsley
E01007460,144,326,284,226,1440,Barnsley
E01007461,150,317,365,599,1710,Barnsley
E01007462,86,287,323,581,1566,Barnsley
E01007463,66,280,321,682,1738,Barnsley
E01007369,161,507,465,671,2032,Barnsley
E01007370,145,354,413,600,1790,Barnsley
E01007371,180,450,418,523,1898,Barnsley
E01007376,146,261,266,443,1451,Barnsley
E01007447,113,254,443,455,1718,Barnsley
E01007448,207,564,535,670,2255,Barnsley
E01007449,134,350,350,458,1735,Barnsley
E01007450,140,432,466,578,2022,Barnsley
E01007427,453,449,241,173,1675,Barnsley
E01007428,369,393,279,125,1514,Barnsley
E01007429,113,287,273,292,1441,Barnsley
E01007430,860,884,513,195,2837,Barnsley
E01007431,232,373,248,176,1382,Barnsley
E01007432,424,443,272,182,1692,Barnsley
E01007364,90,259,359,413,1408,Barnsley
E01007365,78,246,269,382,1211,Barnsley
E01007366,299,622,573,357,2263,Barnsley
E01007367,57,295,261,336,1149,Barnsley
E01007368,151,437,386,442,1733,Barnsley
E01007451,175,513,396,481,1853,Barnsley
E01007452,293,500,342,295,1659,Barnsley
E01007453,92,259,442,579,1684,Barnsley
E01007455,152,352,303,199,1406,Barnsley
E01032924,267,535,382,280,1586,Barnsley
E01032925,114,340,279,377,1405,Barnsley
E01007421,306,381,177,79,1377,Barnsley
E01007422,453,357,246,92,1543,Barnsley
E01007423,390,425,256,152,1651,Barnsley
E01007426,509,403,364,179,1925,Barnsley
E01007396,151,426,363,315,1566,Barnsley
E01007397,172,330,317,222,1536,Barnsley
E01007398,183,381,273,199,1635,Barnsley
E01007399,324,618,424,235,2005,Barnsley
E01007424,420,529,324,235,1929,Barnsley
E01007388,262,516,373,259,1728,Barnsley
E01007393,195,498,406,344,1813,Barnsley
E01007394,66,313,368,392,1375,Barnsley
E01007456,237,562,339,223,1752,Barnsley
E01007457,220,449,398,427,1784,Barnsley
E01007389,169,260,225,110,1332,Barnsley
E01007390,183,326,335,239,1476,Barnsley
E01007391,126,335,334,360,1512,Barnsley
E01007392,120,290,314,515,1502,Barnsley
E01007395,185,471,512,588,2092,Barnsley
E01010646,303,292,158,53,1348,Bradford
E01010647,297,193,96,63,1057,Bradford
E01010648,359,274,139,87,1379,Bradford
E01010692,725,312,128,81,1917,Bradford
E01010691,685,275,96,38,1576,Bradford
E01010693,571,263,93,56,1476,Bradford
E01010694,538,291,69,65,1541,Bradford
E01010695,411,358,157,138,1554,Bradford
E01010696,662,365,103,63,1611,Bradford
E01010697,540,234,82,56,1449,Bradford
E01010698,497,458,249,195,1934,Bradford
E01010699,370,477,348,279,1977,Bradford
E01010767,389,322,185,137,1444,Bradford
E01010768,680,428,120,50,1626,Bradford
E01010769,481,361,236,115,1567,Bradford
E01010771,428,261,115,46,1224,Bradford
E01010770,731,426,148,61,1768,Bradford
E01010772,463,288,92,25,1272,Bradford
E01010773,546,425,150,80,1561,Bradford
E01010774,455,391,166,103,1596,Bradford
E01010706,428,415,203,104,1564,Bradford
E01010707,413,507,271,207,1831,Bradford
E01010708,247,394,361,388,1675,Bradford
E01010709,593,850,414,298,2718,Bradford
E01010719,166,321,319,854,1862,Bradford
E01010727,274,370,350,265,1708,Bradford
E01010728,182,346,291,829,1894,Bradford
E01010729,283,332,252,386,1723,Bradford
E01010700,160,307,253,783,1644,Bradford
E01010701,78,225,269,766,1505,Bradford
E01010702,105,421,354,869,2060,Bradford
E01010703,147,386,340,498,1661,Bradford
E01010704,151,335,329,293,1359,Bradford
E01010705,246,420,325,227,1654,Bradford
E01010710,81,266,421,1011,2000,Bradford
E01010712,105,260,389,809,1701,Bradford
E01010720,44,277,318,645,1522,Bradford
E01010721,193,459,362,618,1922,Bradford
E01010723,42,275,251,848,1582,Bradford
E01010724,121,262,302,452,1386,Bradford
E01010725,138,385,284,446,1533,Bradford
E01010579,393,347,164,93,1509,Bradford
E01010580,705,758,267,128,2513,Bradford
E01010764,465,427,166,61,1620,Bradford
E01010765,403,613,354,311,2279,Bradford
E01010766,291,367,120,48,1216,Bradford
E01010711,92,251,310,554,1535,Bradford
E01010713,96,311,317,607,1567,Bradford
E01010714,73,367,321,402,1382,Bradford
E01010716,148,542,456,496,1990,Bradford
E01010715,63,272,243,243,1065,Bradford
E01010717,111,353,388,522,1636,Bradford
E01010718,74,335,300,596,1515,Bradford
E01010726,204,352,276,228,1426,Bradford
E01010859,235,470,401,251,1837,Bradford
E01010573,479,518,253,123,1830,Bradford
E01010574,358,313,156,64,1406,Bradford
E01010575,296,395,212,141,1573,Bradford
E01010577,419,414,208,98,1553,Bradford
E01010722,164,346,387,463,1639,Bradford
E01010860,356,500,359,152,1723,Bradford
E01010862,243,547,371,170,1634,Bradford
E01010863,287,424,293,105,1413,Bradford
E01010578,360,489,203,170,1604,Bradford
E01010581,291,495,324,223,1645,Bradford
E01010582,378,544,291,189,1669,Bradford
E01010584,254,490,314,398,1769,Bradford
E01010585,385,579,244,246,2009,Bradford
E01010568,321,536,216,152,1719,Bradford
E01010569,215,449,336,338,1756,Bradford
E01010571,236,573,358,452,1945,Bradford
E01010572,287,341,299,140,1483,Bradford
E01010576,376,436,179,94,1516,Bradford
E01010683,711,836,296,127,2299,Bradford
E01010684,261,515,239,148,1508,Bradford
E01010685,323,550,282,128,1680,Bradford
E01010686,285,625,273,102,1755,Bradford
E01010570,420,422,128,25,1498,Bradford
E01010583,172,316,208,277,1260,Bradford
E01010784,311,494,251,253,1579,Bradford
E01010785,502,460,115,147,1569,Bradford
E01010786,559,376,93,107,1587,Bradford
E01010790,487,404,189,141,1601,Bradford
E01010680,123,336,310,752,1789,Bradford
E01010681,412,481,219,65,1503,Bradford
E01010682,125,336,296,367,1433,Bradford
E01010687,452,676,294,97,1802,Bradford
E01010688,329,637,387,250,1901,Bradford
E01010689,510,633,322,209,1954,Bradford
E01010690,293,566,354,181,1859,Bradford
E01010782,219,689,363,694,2226,Bradford
E01010787,472,409,148,132,1563,Bradford
E01010788,459,379,128,139,1393,Bradford
E01033689,303,293,141,388,1249,Bradford
E01033694,263,340,169,142,1060,Bradford
E01010776,177,373,375,398,1610,Bradford
E01010777,115,388,235,542,1472,Bradford
E01010779,126,416,317,419,1609,Bradford
E01010781,145,357,317,467,1475,Bradford
E01010783,153,483,301,278,1572,Bradford
E01010586,435,425,191,71,1602,Bradford
E01010587,540,636,312,200,2060,Bradford
E01010588,355,424,241,214,1585,Bradford
E01010589,245,356,194,87,1355,Bradford
E01010591,152,411,279,362,1593,Bradford
E01010593,291,486,234,196,1697,Bradford
E01010596,395,395,152,141,1536,Bradford
E01010854,296,459,399,224,1736,Bradford
E01010855,288,392,304,149,1613,Bradford
E01010856,233,433,264,202,1478,Bradford
E01010857,332,447,233,116,1614,Bradford
E01010858,360,460,314,98,1569,Bradford
E01010861,370,435,377,139,1769,Bradford
E01010603,154,471,307,362,1626,Bradford
E01010604,198,507,384,214,1800,Bradford
E01010605,97,356,355,560,1599,Bradford
E01010775,253,539,374,234,1778,Bradford
E01010778,244,566,390,574,2039,Bradford
E01010789,262,554,299,480,1835,Bradford
E01010791,330,541,286,369,1832,Bradford
E01010792,239,366,288,850,1989,Bradford
E01010793,292,522,331,492,1845,Bradford
E01010652,127,441,376,240,1661,Bradford
E01010653,149,489,380,663,1968,Bradford
E01010655,119,325,273,617,1506,Bradford
E01010656,150,478,295,313,1560,Bradford
E01010657,125,444,312,309,1440,Bradford
E01010649,115,426,332,354,1457,Bradford
E01010650,96,414,533,988,2166,Bradford
E01010654,106,395,400,621,1712,Bradford
E01010826,38,401,295,802,1670,Bradford
E01010597,188,405,389,293,1544,Bradford
E01010598,165,469,274,403,1671,Bradford
E01010599,160,371,244,409,1376,Bradford
E01010600,114,347,267,457,1448,Bradford
E01010602,174,450,295,465,1654,Bradford
E01010670,352,457,281,404,1843,Bradford
E01010671,275,479,265,477,1734,Bradford
E01010673,212,450,416,724,1975,Bradford
E01010675,474,489,255,487,2154,Bradford
E01010669,202,550,353,901,2231,Bradford
E01010674,232,432,309,1181,2273,Bradford
E01010805,331,414,300,468,1838,Bradford
E01033898,197,426,240,619,1594,Bradford
E01033899,43,350,249,975,1652,Bradford
E01010590,506,668,326,198,2202,Bradford
E01010592,295,419,283,179,1668,Bradford
E01010594,224,452,410,202,1670,Bradford
E01010595,285,642,517,345,2137,Bradford
E01010601,152,548,429,437,1831,Bradford
E01010651,214,533,342,319,1671,Bradford
E01010825,195,401,319,400,1539,Bradford
E01010827,144,346,313,543,1557,Bradford
E01010804,246,472,345,871,2292,Bradford
E01010806,190,398,247,646,1683,Bradford
E01010807,232,546,364,887,2326,Bradford
E01010808,114,383,482,1141,2335,Bradford
E01010809,101,394,276,1079,2152,Bradford
E01010676,277,348,522,987,2420,Bradford
E01010679,177,476,378,750,2103,Bradford
E01010824,204,407,315,730,1918,Bradford
E01010840,102,335,267,856,1882,Bradford
E01010841,142,387,294,752,1835,Bradford
E01010828,149,364,338,500,1639,Bradford
E01010829,152,382,248,716,1694,Bradford
E01010830,121,497,460,1166,2429,Bradford
E01010831,161,427,417,1035,2196,Bradford
E01010832,174,558,508,935,2429,Bradford
E01010672,283,409,236,177,1347,Bradford
E01010678,215,423,200,294,1419,Bradford
E01010799,148,457,290,414,1598,Bradford
E01010800,108,360,320,799,1833,Bradford
E01010801,275,517,328,661,2023,Bradford
E01010802,239,525,347,728,2063,Bradford
E01010803,58,363,413,894,1916,Bradford
E01010810,234,606,358,829,2220,Bradford
E01010811,136,468,351,1146,2249,Bradford
E01010813,121,288,320,959,1906,Bradford
E01010618,140,310,366,819,1805,Bradford
E01010619,185,542,417,804,2216,Bradford
E01010625,85,332,341,947,1847,Bradford
E01010626,150,536,348,945,2144,Bradford
E01010627,101,399,363,632,1662,Bradford
E01010628,176,347,297,619,1857,Bradford
E01010629,281,572,380,733,2309,Bradford
E01010630,292,503,302,615,1941,Bradford
E01010631,98,324,290,674,1591,Bradford
E01010632,68,393,231,723,1536,Bradford
E01010658,114,510,377,790,1987,Bradford
E01010812,105,334,339,1135,2074,Bradford
E01010833,93,384,272,811,1741,Bradford
E01010843,139,322,361,1008,2045,Bradford
E01010620,96,325,437,933,2011,Bradford
E01010621,151,418,478,1138,2336,Bradford
E01010622,183,425,504,1266,2626,Bradford
E01010623,93,331,223,803,1699,Bradford
E01010624,153,302,321,1168,2170,Bradford
E01010794,175,495,308,489,1983,Bradford
E01010795,316,689,338,257,1941,Bradford
E01010796,179,413,345,386,1692,Bradford
E01010797,311,439,290,121,1414,Bradford
E01010798,177,407,296,279,1503,Bradford
E01010834,94,502,263,601,2850,Bradford
E01010836,174,436,246,880,2051,Bradford
E01010837,207,337,369,951,2109,Bradford
E01010838,114,499,431,991,2184,Bradford
E01010839,108,255,277,848,1683,Bradford
E01033900,87,326,279,732,1584,Bradford
E01033901,165,332,322,669,1666,Bradford
E01010608,72,274,461,785,1739,Bradford
E01010613,146,318,290,671,1642,Bradford
E01010730,37,179,169,710,1278,Bradford
E01010734,59,280,272,851,1552,Bradford
E01010609,102,311,303,629,1616,Bradford
E01010610,106,499,283,1011,2096,Bradford
E01010611,118,543,378,893,2226,Bradford
E01010614,74,335,304,589,1708,Bradford
E01010633,259,371,250,279,1505,Bradford
E01010634,274,462,294,188,1571,Bradford
E01010635,88,189,257,652,1460,Bradford
E01010636,291,512,271,227,1701,Bradford
E01010637,286,418,302,280,2050,Bradford
E01010731,142,264,239,787,1615,Bradford
E01010732,88,457,274,643,1613,Bradford
E01010733,116,321,272,773,1668,Bradford
E01010736,162,358,359,1076,2057,Bradford
E01010737,65,181,246,996,1680,Bradford
E01010659,75,307,329,1028,1956,Bradford
E01010662,213,365,282,401,1483,Bradford
E01010664,207,397,269,458,1594,Bradford
E01010761,181,452,311,411,1715,Bradford
E01033695,358,764,378,435,2168,Bradford
E01033696,213,520,347,251,1592,Bradford
E01033697,186,570,521,1275,2824,Bradford
E01010663,106,378,348,773,1798,Bradford
E01010665,225,543,335,555,1899,Bradford
E01010666,112,298,209,902,1758,Bradford
E01010667,110,327,395,873,1862,Bradford
E01010735,23,311,339,1056,1874,Bradford
E01010738,191,329,429,934,2065,Bradford
E01010739,70,298,356,1161,2075,Bradford
E01010740,175,343,391,800,1920,Bradford
E01010744,89,323,419,857,1843,Bradford
E01010612,45,304,238,739,1448,Bradford
E01010819,49,234,227,798,1493,Bradford
E01010820,52,257,311,587,1454,Bradford
E01010821,139,374,377,882,1931,Bradford
E01010822,47,195,275,571,1273,Bradford
E01010615,112,344,297,417,1370,Bradford
E01010616,138,376,335,849,1934,Bradford
E01010742,144,397,483,919,2094,Bradford
E01010743,73,288,317,848,1675,Bradford
E01010847,177,405,364,383,1619,Bradford
E01010848,188,443,288,371,1585,Bradford
E01010852,160,539,384,580,1957,Bradford
E01010853,194,470,267,281,1431,Bradford
E01010668,168,379,276,401,1469,Bradford
E01010755,86,548,542,674,2008,Bradford
E01010762,222,450,265,451,1574,Bradford
E01010763,135,482,315,368,1647,Bradford
E01010846,235,529,512,510,2138,Bradford
E01010745,117,424,316,886,1899,Bradford
E01010747,192,389,315,433,1606,Bradford
E01010748,128,373,325,491,1612,Bradford
E01010749,74,295,247,456,1337,Bradford
E01010814,83,355,314,583,1625,Bradford
E01010815,268,599,601,832,2591,Bradford
E01010816,341,589,404,256,1911,Bradford
E01010817,159,590,590,972,2660,Bradford
E01010818,320,634,401,379,2081,Bradford
E01010752,288,709,375,450,2125,Bradford
E01010753,160,343,258,100,1316,Bradford
E01010754,236,574,321,182,1558,Bradford
E01010756,301,546,396,297,1801,Bradford
E01010758,293,435,293,79,1293,Bradford
E01010759,186,375,360,306,1557,Bradford
E01010760,380,660,388,160,1918,Bradford
E01010741,149,391,293,251,1401,Bradford
E01010845,142,399,512,749,2096,Bradford
E01010849,158,393,286,203,1399,Bradford
E01010850,57,296,251,673,1392,Bradford
E01010851,163,420,326,247,1424,Bradford
E01010864,90,373,258,347,1239,Bradford
E01010867,185,522,400,429,1756,Bradford
E01010874,119,401,298,438,1511,Bradford
E01010746,292,621,338,331,2039,Bradford
E01010750,145,419,333,245,1525,Bradford
E01010751,88,320,314,277,1400,Bradford
E01010865,158,469,337,256,1595,Bradford
E01010866,184,410,264,164,1324,Bradford
E01010868,90,388,297,642,1663,Bradford
E01010869,149,447,342,441,1760,Bradford
E01010870,175,362,293,201,1421,Bradford
E01010871,244,470,376,317,1715,Bradford
E01010872,164,393,317,679,1864,Bradford
E01010873,198,298,234,170,1204,Bradford
E01010638,203,327,295,141,1431,Bradford
E01010642,361,584,306,138,2054,Bradford
E01010645,443,525,288,109,1801,Bradford
E01010644,457,580,404,197,2058,Bradford
E01010643,257,403,215,192,1350,Bradford
E01010640,197,510,416,273,1707,Bradford
E01010641,254,290,339,103,1520,Bradford
E01010639,377,507,401,216,1996,Bradford
E01033693,310,612,585,1124,2833,Bradford
E01010617,73,238,214,1010,1715,Bradford
E01010607,128,361,479,976,2147,Bradford
E01033692,242,330,128,368,1114,Bradford
E01010606,100,272,390,1046,2043,Bradford
E01010842,99,385,421,1096,2304,Bradford
E01033691,323,594,334,853,2285,Bradford
E01033690,498,564,257,416,1860,Bradford
E01010911,259,574,330,173,1741,Calderdale
E01010912,108,397,360,322,1530,Calderdale
E01010913,127,354,246,104,1295,Calderdale
E01010915,232,461,312,228,1507,Calderdale
E01010914,120,415,398,377,1614,Calderdale
E01010924,46,229,210,418,1068,Calderdale
E01010925,83,287,337,566,1512,Calderdale
E01010926,71,229,225,565,1204,Calderdale
E01010931,288,448,210,125,1421,Calderdale
E01010932,224,453,265,152,1551,Calderdale
E01010933,378,466,309,128,1675,Calderdale
E01010935,260,365,216,96,1402,Calderdale
E01010936,490,667,256,142,2017,Calderdale
E01010937,251,462,307,122,1499,Calderdale
E01010881,490,368,189,185,1568,Calderdale
E01010882,416,301,140,97,1321,Calderdale
E01010883,473,409,231,95,1574,Calderdale
E01010887,433,321,229,100,1464,Calderdale
E01010888,401,392,177,154,1451,Calderdale
E01010923,440,429,225,198,1560,Calderdale
E01010916,120,335,361,494,1556,Calderdale
E01010939,253,550,352,142,1659,Calderdale
E01010941,95,322,310,438,1391,Calderdale
E01010942,143,418,461,481,1778,Calderdale
E01010944,67,285,265,512,1396,Calderdale
E01010938,70,291,298,663,1523,Calderdale
E01010940,131,367,316,335,1422,Calderdale
E01010943,64,266,309,653,1474,Calderdale
E01010961,87,303,259,336,1193,Calderdale
E01010917,391,443,241,186,1763,Calderdale
E01010918,456,406,234,122,1647,Calderdale
E01010919,237,350,309,300,1588,Calderdale
E01010920,360,425,266,138,1600,Calderdale
E01010921,256,427,327,286,1621,Calderdale
E01010934,280,543,389,252,1955,Calderdale
E01010967,125,360,274,500,1514,Calderdale
E01032923,157,593,458,572,2129,Calderdale
E01034582,279,265,183,366,1306,Calderdale
E01034583,250,219,145,181,1039,Calderdale
E01010927,475,695,425,195,2265,Calderdale
E01010928,82,261,350,562,1468,Calderdale
E01010997,254,391,233,181,1495,Calderdale
E01010999,198,467,256,340,1552,Calderdale
E01010929,189,653,614,1104,2729,Calderdale
E01010930,98,350,407,561,1679,Calderdale
E01010998,200,426,322,577,1783,Calderdale
E01011000,156,384,448,1151,2413,Calderdale
E01010904,317,535,238,129,1589,Calderdale
E01010906,397,367,172,57,1427,Calderdale
E01010907,369,460,208,129,1475,Calderdale
E01010909,344,496,268,187,1728,Calderdale
E01010960,112,224,334,738,1605,Calderdale
E01010964,99,265,226,844,1614,Calderdale
E01010965,154,238,191,579,1400,Calderdale
E01010966,89,349,278,847,1737,Calderdale
E01010995,194,270,208,547,1360,Calderdale
E01010982,238,365,227,221,1359,Calderdale
E01010983,243,348,297,386,1636,Calderdale
E01010985,324,335,269,234,1429,Calderdale
E01010986,232,436,445,380,1726,Calderdale
E01010987,330,455,354,270,1867,Calderdale
E01010988,207,327,245,343,1439,Calderdale
E01010996,114,269,265,692,1495,Calderdale
E01011001,111,244,371,814,1687,Calderdale
E01011002,229,412,333,686,1865,Calderdale
E01011003,81,279,241,742,1497,Calderdale
E01010878,214,499,308,281,1654,Calderdale
E01010879,432,437,229,212,1798,Calderdale
E01010905,610,595,238,105,1951,Calderdale
E01010908,413,692,364,259,2162,Calderdale
E01010910,139,291,272,335,1319,Calderdale
E01010969,451,488,247,189,1760,Calderdale
E01010970,449,531,264,329,2027,Calderdale
E01010974,246,307,200,481,1516,Calderdale
E01010977,296,622,354,176,1835,Calderdale
E01010975,230,367,222,150,1468,Calderdale
E01010976,394,506,351,176,1869,Calderdale
E01010978,273,405,288,228,1387,Calderdale
E01010979,167,417,218,334,1383,Calderdale
E01010980,212,415,314,346,1495,Calderdale
E01010981,163,463,273,327,1457,Calderdale
E01010989,309,379,247,200,1471,Calderdale
E01010990,246,403,355,273,1604,Calderdale
E01010991,203,400,269,173,1423,Calderdale
E01010992,225,443,449,291,1711,Calderdale
E01010993,156,450,402,456,1722,Calderdale
E01010875,310,462,303,94,1697,Calderdale
E01010876,316,414,261,165,1603,Calderdale
E01010877,204,383,253,276,1431,Calderdale
E01010880,108,283,287,456,1370,Calderdale
E01010949,231,442,257,296,1569,Calderdale
E01010922,383,566,339,220,1815,Calderdale
E01010956,387,450,241,174,1634,Calderdale
E01010958,105,253,255,380,1323,Calderdale
E01010959,205,476,339,344,1725,Calderdale
E01010968,494,502,154,187,1765,Calderdale
E01010971,589,532,244,172,1943,Calderdale
E01010972,395,429,233,146,1613,Calderdale
E01010973,430,397,272,139,1744,Calderdale
E01010884,306,392,268,228,1614,Calderdale
E01010885,234,447,301,150,1513,Calderdale
E01010886,239,289,187,121,1123,Calderdale
E01010984,188,353,346,265,1360,Calderdale
E01010946,328,309,153,39,1287,Calderdale
E01010947,353,425,208,86,1483,Calderdale
E01010950,147,400,302,349,1455,Calderdale
E01010951,195,417,309,239,1511,Calderdale
E01010891,182,396,326,423,1722,Calderdale
E01010892,355,605,358,253,1902,Calderdale
E01010895,143,336,256,268,1382,Calderdale
E01010945,262,480,201,242,1566,Calderdale
E01010948,235,353,245,163,1415,Calderdale
E01010889,143,338,266,536,1706,Calderdale
E01010890,215,537,376,355,1773,Calderdale
E01010893,175,374,340,245,1446,Calderdale
E01010894,147,504,355,582,1821,Calderdale
E01010901,427,524,285,173,1865,Calderdale
E01010903,317,436,299,209,1692,Calderdale
E01010896,457,481,213,85,1593,Calderdale
E01010897,415,540,227,137,1656,Calderdale
E01010898,227,464,332,224,1643,Calderdale
E01010899,199,403,301,158,1361,Calderdale
E01010900,394,479,242,62,1587,Calderdale
E01010902,239,422,338,325,1548,Calderdale
E01010952,398,411,248,168,1635,Calderdale
E01010953,416,409,257,75,1505,Calderdale
E01010954,898,722,323,131,2491,Calderdale
E01010955,403,365,172,102,1404,Calderdale
E01010957,339,401,279,120,1481,Calderdale
E01027666,389,376,365,86,1788,Harrogate
E01027667,372,338,219,137,1464,Harrogate
E01027685,141,185,220,127,1112,Harrogate
E01027686,304,200,245,58,1130,Harrogate
E01027712,318,459,284,176,1888,Harrogate
E01027713,311,352,259,184,1611,Harrogate
E01027714,325,361,153,173,1591,Harrogate
E01027715,209,302,332,74,1165,Harrogate
E01027643,294,383,228,128,1512,Harrogate
E01027688,421,354,185,111,1610,Harrogate
E01027736,405,420,275,112,1671,Harrogate
E01027737,344,549,392,113,1702,Harrogate
E01027705,241,496,341,318,1771,Harrogate
E01027706,193,343,345,371,1784,Harrogate
E01027707,241,447,320,288,1721,Harrogate
E01027708,179,308,245,123,1388,Harrogate
E01027709,212,296,189,111,1222,Harrogate
E01027710,84,251,168,292,1131,Harrogate
E01027711,108,319,350,300,1319,Harrogate
E01027644,239,354,267,144,1435,Harrogate
E01027645,368,454,409,224,1970,Harrogate
E01027647,409,400,266,131,1818,Harrogate
E01027687,409,541,332,174,1919,Harrogate
E01027681,387,410,262,124,1643,Harrogate
E01027693,368,482,298,68,1769,Harrogate
E01027701,269,345,324,117,1550,Harrogate
E01027702,189,193,191,123,1051,Harrogate
E01027642,455,267,172,83,1463,Harrogate
E01027646,496,381,202,95,1645,Harrogate
E01027674,449,273,98,56,1301,Harrogate
E01027675,882,866,411,192,2983,Harrogate
E01027641,330,307,205,80,1232,Harrogate
E01027665,354,293,188,97,1314,Harrogate
E01027722,410,560,205,121,1484,Harrogate
E01034963,370,361,157,62,1307,Harrogate
E01034964,351,397,320,128,2689,Harrogate
E01027668,263,418,267,205,1555,Harrogate
E01027669,307,405,299,262,1926,Harrogate
E01027673,371,450,152,225,1727,Harrogate
E01027676,261,467,413,348,1788,Harrogate
E01027638,247,323,225,126,1306,Harrogate
E01027639,210,340,166,94,1216,Harrogate
E01027640,171,405,374,174,1455,Harrogate
E01027690,261,396,260,112,1377,Harrogate
E01027738,231,396,233,160,1256,Harrogate
E01027739,240,304,197,136,1037,Harrogate
E01027741,168,351,274,199,1384,Harrogate
E01027689,160,431,224,342,1364,Harrogate
E01027691,261,525,282,183,1527,Harrogate
E01027720,315,513,375,400,1874,Harrogate
E01027721,235,497,280,122,1441,Harrogate
E01027723,170,363,277,381,1464,Harrogate
E01027670,307,451,280,108,1543,Harrogate
E01027671,493,388,133,54,1511,Harrogate
E01027672,450,352,149,65,1615,Harrogate
E01027704,341,256,136,84,1222,Harrogate
E01027649,473,638,275,337,2144,Harrogate
E01027651,196,317,289,426,1463,Harrogate
E01027657,318,366,188,170,1196,Harrogate
E01027658,281,479,245,261,1519,Harrogate
E01027692,273,339,157,175,1140,Harrogate
E01027740,94,247,247,408,1525,Harrogate
E01027648,314,390,243,255,1511,Harrogate
E01027650,362,432,282,171,1588,Harrogate
E01027726,379,434,273,265,1739,Harrogate
E01027727,300,488,318,228,1771,Harrogate
E01027728,227,343,220,135,1323,Harrogate
E01027729,209,429,254,411,1462,Harrogate
E01027652,636,373,110,115,1719,Harrogate
E01027655,399,273,55,41,1316,Harrogate
E01027659,434,468,226,321,1710,Harrogate
E01027677,400,396,146,118,1422,Harrogate
E01027678,346,544,305,361,1759,Harrogate
E01027680,348,360,132,180,1286,Harrogate
E01027683,490,483,258,171,1788,Harrogate
E01027684,476,305,212,86,1431,Harrogate
E01027695,541,434,204,104,1717,Harrogate
E01027696,516,417,266,116,2421,Harrogate
E01027703,543,553,236,136,2016,Harrogate
E01027660,432,352,148,73,1480,Harrogate
E01027661,268,382,223,201,1417,Harrogate
E01027662,505,293,111,26,1224,Harrogate
E01027663,260,389,218,104,1355,Harrogate
E01027697,483,426,155,77,1455,Harrogate
E01027733,583,298,66,19,1362,Harrogate
E01027682,441,350,262,70,1649,Harrogate
E01027694,262,310,186,106,1178,Harrogate
E01027734,608,374,227,82,1708,Harrogate
E01027735,438,353,265,66,1598,Harrogate
E01027656,381,374,171,148,1695,Harrogate
E01027679,435,376,109,91,1511,Harrogate
E01027730,602,331,104,91,1490,Harrogate
E01027731,590,387,96,99,1452,Harrogate
E01027732,517,252,60,67,1225,Harrogate
E01027653,538,357,143,199,1736,Harrogate
E01027654,435,271,54,36,1145,Harrogate
E01027698,558,379,113,92,1547,Harrogate
E01027716,676,255,77,44,1506,Harrogate
E01027717,553,487,162,86,1583,Harrogate
E01027718,621,582,147,189,2027,Harrogate
E01027719,405,399,137,83,1509,Harrogate
E01027699,564,238,74,26,1319,Harrogate
E01027700,551,314,88,62,1568,Harrogate
E01027724,583,396,165,84,1685,Harrogate
E01027725,450,366,195,102,1542,Harrogate
E01011051,325,547,287,165,1684,Kirklees
E01011055,275,364,218,117,1282,Kirklees
E01011056,355,519,255,109,1680,Kirklees
E01011057,375,537,240,158,1644,Kirklees
E01011058,208,371,263,140,1262,Kirklees
E01011048,156,367,345,374,1652,Kirklees
E01011049,273,487,301,358,1730,Kirklees
E01011050,234,393,314,151,1462,Kirklees
E01011052,191,493,315,369,1616,Kirklees
E01011053,195,356,303,167,1394,Kirklees
E01011059,126,372,414,718,1817,Kirklees
E01011062,432,591,399,181,1901,Kirklees
E01011064,271,363,327,387,1686,Kirklees
E01011068,229,509,338,150,1576,Kirklees
E01011069,232,390,251,140,1417,Kirklees
E01011241,478,488,185,79,1605,Kirklees
E01011242,206,410,318,366,1617,Kirklees
E01011243,270,444,278,179,1628,Kirklees
E01011244,429,665,341,258,2012,Kirklees
E01011060,197,386,286,307,1612,Kirklees
E01011061,161,378,353,441,1670,Kirklees
E01011063,250,650,458,365,2165,Kirklees
E01011065,244,473,365,317,1619,Kirklees
E01011066,248,387,294,151,1498,Kirklees
E01011027,171,349,298,272,1310,Kirklees
E01011028,202,410,261,367,1445,Kirklees
E01011030,114,375,323,652,1654,Kirklees
E01011031,278,601,375,349,2018,Kirklees
E01011054,251,381,225,82,1366,Kirklees
E01011013,246,428,190,238,1572,Kirklees
E01011014,140,462,306,501,1579,Kirklees
E01011023,300,494,329,443,1808,Kirklees
E01011024,246,422,317,761,1953,Kirklees
E01011067,361,450,247,183,1649,Kirklees
E01011247,260,425,340,197,1573,Kirklees
E01011249,261,462,342,403,1809,Kirklees
E01011251,105,369,388,570,1691,Kirklees
E01011245,239,382,257,341,1544,Kirklees
E01011246,187,274,331,537,1536,Kirklees
E01011248,220,370,265,183,1412,Kirklees
E01011250,157,431,379,516,1780,Kirklees
E01011015,112,327,217,583,1549,Kirklees
E01011029,127,301,224,692,1567,Kirklees
E01011032,203,627,388,771,2191,Kirklees
E01011034,108,385,290,596,1559,Kirklees
E01011157,153,400,311,623,1742,Kirklees
E01011161,195,391,258,198,1312,Kirklees
E01011163,69,323,268,412,1377,Kirklees
E01011164,267,458,374,328,1777,Kirklees
E01011165,147,483,360,573,1798,Kirklees
E01011166,205,294,390,502,1678,Kirklees
E01011167,174,316,323,807,1973,Kirklees
E01011033,186,530,312,456,1724,Kirklees
E01011035,250,332,244,573,1631,Kirklees
E01011036,100,367,387,758,1773,Kirklees
E01011037,272,632,491,666,2319,Kirklees
E01011016,99,397,302,410,1433,Kirklees
E01011017,92,304,285,548,1522,Kirklees
E01011018,141,385,219,484,1411,Kirklees
E01011019,141,406,218,337,1435,Kirklees
E01011020,126,312,281,574,1375,Kirklees
E01011021,226,491,307,219,1588,Kirklees
E01011022,193,425,279,244,1423,Kirklees
E01011126,235,478,303,504,1887,Kirklees
E01011127,179,406,277,211,1352,Kirklees
E01011156,298,323,286,181,1509,Kirklees
E01011158,271,590,400,354,1953,Kirklees
E01011159,379,455,268,128,1719,Kirklees
E01011160,263,452,224,133,1320,Kirklees
E01011162,220,389,289,165,1477,Kirklees
E01011025,127,328,318,586,1585,Kirklees
E01011026,182,466,247,397,1574,Kirklees
E01011136,173,365,324,568,1659,Kirklees
E01011137,161,344,370,466,1510,Kirklees
E01011128,223,526,406,649,2015,Kirklees
E01011130,157,449,396,879,2200,Kirklees
E01034584,266,435,228,497,1673,Kirklees
E01034585,347,344,216,298,1373,Kirklees
E01011121,123,506,429,528,1791,Kirklees
E01011122,60,192,332,623,1375,Kirklees
E01011123,206,377,307,400,1650,Kirklees
E01011124,247,543,441,340,1949,Kirklees
E01011125,301,544,441,497,2111,Kirklees
E01011129,141,309,293,276,1275,Kirklees
E01011138,116,342,399,901,1917,Kirklees
E01011139,94,317,408,571,1580,Kirklees
E01011140,82,254,321,928,1740,Kirklees
E01011141,205,429,392,582,1801,Kirklees
E01011132,444,379,175,65,1545,Kirklees
E01011142,243,486,331,123,1564,Kirklees
E01011217,234,395,241,148,1541,Kirklees
E01011218,244,484,290,260,1642,Kirklees
E01011216,276,453,210,130,1493,Kirklees
E01011219,305,464,279,115,1580,Kirklees
E01011220,173,359,380,598,1789,Kirklees
E01011221,350,463,305,117,1687,Kirklees
E01011046,392,405,127,63,1401,Kirklees
E01011100,112,348,268,386,1478,Kirklees
E01011102,398,316,194,153,1333,Kirklees
E01011108,255,350,218,230,1389,Kirklees
E01011133,105,259,368,823,1692,Kirklees
E01011134,121,352,404,1144,2127,Kirklees
E01011143,99,306,383,941,1850,Kirklees
E01011144,61,247,322,920,1712,Kirklees
E01011260,175,350,286,497,1470,Kirklees
E01011257,287,495,344,610,2038,Kirklees
E01011258,254,442,246,570,1979,Kirklees
E01011259,276,503,425,634,2094,Kirklees
E01011261,135,327,226,690,1479,Kirklees
E01011262,145,457,303,678,1757,Kirklees
E01011263,245,417,383,444,1789,Kirklees
E01011101,129,367,332,829,1832,Kirklees
E01011103,113,306,284,403,1377,Kirklees
E01011104,143,347,320,499,1633,Kirklees
E01011105,377,660,420,810,2482,Kirklees
E01011212,166,418,251,311,1567,Kirklees
E01011213,310,437,227,106,1536,Kirklees
E01011214,346,398,219,174,1517,Kirklees
E01011215,490,662,315,289,2311,Kirklees
E01011039,228,480,262,431,1806,Kirklees
E01011042,467,420,186,263,1612,Kirklees
E01011047,400,354,132,123,1494,Kirklees
E01011210,691,625,194,203,2084,Kirklees
E01011252,270,303,161,76,1137,Kirklees
E01011253,69,233,272,448,1243,Kirklees
E01011254,234,397,301,99,1523,Kirklees
E01011255,83,282,376,487,1451,Kirklees
E01011256,77,282,319,364,1301,Kirklees
E01011038,78,323,291,828,1794,Kirklees
E01011041,141,356,239,537,1561,Kirklees
E01011106,105,379,273,721,1631,Kirklees
E01011107,131,639,337,732,2236,Kirklees
E01011201,392,367,244,228,1723,Kirklees
E01011203,482,530,266,110,1853,Kirklees
E01011211,465,536,289,202,1976,Kirklees
E01034586,343,414,215,141,1478,Kirklees
E01034587,649,503,207,115,1563,Kirklees
E01011040,275,451,340,673,1913,Kirklees
E01011043,418,708,407,971,2732,Kirklees
E01011044,260,458,210,524,1649,Kirklees
E01011045,165,361,268,906,1975,Kirklees
E01011089,150,355,258,192,1256,Kirklees
E01011091,231,407,296,100,1358,Kirklees
E01011092,230,367,178,63,1271,Kirklees
E01011200,624,770,344,170,2285,Kirklees
E01011204,577,326,118,82,1536,Kirklees
E01011206,277,488,305,263,1665,Kirklees
E01011208,263,456,320,309,1626,Kirklees
E01011240,293,540,291,385,1814,Kirklees
E01011231,264,361,255,272,1445,Kirklees
E01011236,261,569,226,427,1735,Kirklees
E01011238,395,536,189,295,1737,Kirklees
E01011239,446,424,200,241,1618,Kirklees
E01011093,64,347,264,610,1459,Kirklees
E01011094,114,303,266,628,1579,Kirklees
E01011096,157,346,341,319,1521,Kirklees
E01011098,152,520,361,395,1625,Kirklees
E01011146,363,472,274,130,1549,Kirklees
E01011151,397,405,215,108,1497,Kirklees
E01011202,251,414,242,231,1570,Kirklees
E01011205,413,451,241,119,1593,Kirklees
E01011090,120,398,280,343,1451,Kirklees
E01011095,189,353,275,215,1373,Kirklees
E01011097,178,415,323,423,1647,Kirklees
E01011099,160,397,281,291,1452,Kirklees
E01011150,278,477,352,243,1643,Kirklees
E01011155,471,644,405,231,2122,Kirklees
E01011207,269,452,276,151,1481,Kirklees
E01011234,157,371,312,457,1535,Kirklees
E01011232,215,350,268,437,1569,Kirklees
E01011233,364,471,278,315,1705,Kirklees
E01011235,170,582,242,558,1866,Kirklees
E01011237,109,346,364,679,1686,Kirklees
E01011004,100,271,229,387,1307,Kirklees
E01011006,212,344,354,214,1488,Kirklees
E01011008,167,477,297,279,1452,Kirklees
E01011012,199,439,291,345,1526,Kirklees
E01011145,233,331,294,192,1434,Kirklees
E01011147,272,472,365,260,1679,Kirklees
E01011148,112,351,299,612,1744,Kirklees
E01011152,440,499,291,154,1691,Kirklees
E01011007,266,552,230,229,1752,Kirklees
E01011223,167,350,372,658,1910,Kirklees
E01011225,156,518,281,496,1664,Kirklees
E01011229,150,563,233,496,2799,Kirklees
E01011080,137,414,398,912,2088,Kirklees
E01011081,132,398,335,673,1811,Kirklees
E01011082,193,381,328,800,1865,Kirklees
E01011230,148,416,406,875,2026,Kirklees
E01011005,257,359,238,157,1471,Kirklees
E01011009,251,305,176,186,1349,Kirklees
E01011010,141,357,296,531,1583,Kirklees
E01011011,380,381,155,92,1480,Kirklees
E01011077,206,554,358,236,1594,Kirklees
E01011149,164,440,415,562,1802,Kirklees
E01011153,177,426,418,334,1690,Kirklees
E01011154,179,433,356,420,1601,Kirklees
E01011191,241,443,300,166,1538,Kirklees
E01011192,221,366,315,281,1569,Kirklees
E01011193,574,639,381,228,2267,Kirklees
E01011194,238,326,181,86,1299,Kirklees
E01011079,148,433,397,705,2004,Kirklees
E01011083,261,451,313,393,1777,Kirklees
E01011084,107,333,419,965,1987,Kirklees
E01011085,269,347,288,404,1716,Kirklees
E01011224,151,458,311,566,1791,Kirklees
E01011226,232,430,281,154,1484,Kirklees
E01011227,93,274,289,545,1525,Kirklees
E01011228,224,348,215,184,1363,Kirklees
E01011071,389,621,357,197,1940,Kirklees
E01011072,247,532,370,191,1604,Kirklees
E01011073,263,420,292,301,1554,Kirklees
E01011078,446,509,333,211,1868,Kirklees
E01011086,328,438,226,97,1583,Kirklees
E01011087,235,353,248,270,1496,Kirklees
E01011088,241,320,188,70,1303,Kirklees
E01011222,200,394,339,362,1619,Kirklees
E01011190,358,480,212,66,1589,Kirklees
E01011195,344,281,106,59,1746,Kirklees
E01011196,537,584,294,85,1945,Kirklees
E01011197,280,355,249,173,1504,Kirklees
E01011070,428,449,224,185,1673,Kirklees
E01011074,400,459,291,239,1833,Kirklees
E01011075,346,354,196,199,1459,Kirklees
E01011076,303,361,208,222,1416,Kirklees
E01011169,436,323,167,66,1407,Kirklees
E01011170,494,479,301,122,1886,Kirklees
E01011173,322,282,176,78,1210,Kirklees
E01011176,364,363,185,153,1377,Kirklees
E01034588,444,591,374,302,2341,Kirklees
E01011109,506,545,364,130,1900,Kirklees
E01011113,311,315,250,95,1540,Kirklees
E01011114,237,402,339,258,1695,Kirklees
E01011119,319,303,221,132,1434,Kirklees
E01011168,356,432,308,100,1631,Kirklees
E01011174,477,435,219,80,1826,Kirklees
E01011175,263,471,367,377,1747,Kirklees
E01011177,463,617,296,164,2027,Kirklees
E01011178,337,466,346,292,1873,Kirklees
E01011118,353,514,242,101,1521,Kirklees
E01011120,429,398,210,56,1422,Kirklees
E01011198,494,348,173,135,1585,Kirklees
E01011199,402,400,216,106,1484,Kirklees
E01011110,358,362,239,151,1464,Kirklees
E01011111,461,513,295,172,1875,Kirklees
E01011112,333,410,318,160,1609,Kirklees
E01011115,447,440,311,139,1829,Kirklees
E01011116,375,377,219,133,1572,Kirklees
E01011117,419,490,229,117,1715,Kirklees
E01011180,528,491,263,141,1894,Kirklees
E01011182,514,380,230,138,1664,Kirklees
E01011186,479,467,239,104,1813,Kirklees
E01011188,439,380,229,139,1647,Kirklees
E01011179,425,453,255,84,1677,Kirklees
E01011181,524,432,258,143,1744,Kirklees
E01011183,680,657,417,97,2254,Kirklees
E01011184,230,314,264,301,1400,Kirklees
E01011185,377,409,278,153,1596,Kirklees
E01011187,415,434,232,175,1669,Kirklees
E01011189,551,397,300,109,1857,Kirklees
E01011698,353,375,211,137,1462,Leeds
E01011699,299,361,137,70,1289,Leeds
E01011701,374,393,117,85,1367,Leeds
E01011702,726,387,64,52,1648,Leeds
E01011703,355,229,49,29,1224,Leeds
E01011697,481,374,160,142,2285,Leeds
E01011700,352,311,144,71,1482,Leeds
E01011704,412,530,242,264,2229,Leeds
E01011705,161,306,242,276,1369,Leeds
E01011581,373,388,264,153,1660,Leeds
E01011582,138,355,379,390,1613,Leeds
E01011583,346,401,282,174,1574,Leeds
E01011584,489,460,154,139,1682,Leeds
E01011569,469,395,244,152,1731,Leeds
E01011571,418,389,206,135,1609,Leeds
E01011572,488,468,265,154,1776,Leeds
E01011573,338,298,241,105,1311,Leeds
E01011574,350,232,182,132,1401,Leeds
E01011707,290,286,183,107,1295,Leeds
E01011709,766,393,170,133,2047,Leeds
E01011710,502,307,147,75,1414,Leeds
E01011711,461,322,125,82,1417,Leeds
E01011712,385,392,162,123,1448,Leeds
E01011561,411,289,98,76,1186,Leeds
E01011696,562,310,126,57,1549,Leeds
E01011706,603,325,87,72,1534,Leeds
E01011708,520,326,149,73,1471,Leeds
E01011713,718,387,145,58,1785,Leeds
E01011570,759,601,293,142,2305,Leeds
E01011576,639,325,104,61,1463,Leeds
E01032503,535,324,136,46,1447,Leeds
E01032504,617,382,140,89,1781,Leeds
E01011266,1051,753,267,85,2613,Leeds
E01011270,686,390,116,36,1720,Leeds
E01011279,349,344,179,81,1319,Leeds
E01011280,656,620,295,106,2073,Leeds
E01011265,586,508,239,172,1955,Leeds
E01011267,339,386,279,282,1699,Leeds
E01011271,687,687,215,107,2172,Leeds
E01011272,361,456,187,94,1455,Leeds
E01011268,136,376,287,374,1395,Leeds
E01011273,301,497,222,156,1483,Leeds
E01011274,117,379,275,282,1360,Leeds
E01011275,182,487,195,233,1411,Leeds
E01011264,154,298,244,200,1284,Leeds
E01011269,246,389,308,210,1569,Leeds
E01011276,438,552,213,132,1736,Leeds
E01011578,207,359,204,108,1273,Leeds
E01011554,546,385,87,52,1445,Leeds
E01011562,577,359,69,73,1567,Leeds
E01011563,527,281,86,43,1392,Leeds
E01011564,628,400,143,65,1558,Leeds
E01011567,511,447,152,73,1472,Leeds
E01011376,477,495,173,75,1662,Leeds
E01011377,398,371,120,73,1389,Leeds
E01011378,116,324,230,488,1418,Leeds
E01011382,452,457,229,83,1609,Leeds
E01011277,411,549,275,124,1605,Leeds
E01011278,446,497,212,97,1622,Leeds
E01011579,325,392,270,120,1340,Leeds
E01011580,430,380,122,59,1374,Leeds
E01011556,493,468,183,218,1650,Leeds
E01011557,501,332,93,97,1421,Leeds
E01011565,512,368,141,84,1482,Leeds
E01011566,467,301,95,132,1337,Leeds
E01011568,690,411,123,135,1915,Leeds
E01011380,603,302,111,85,1550,Leeds
E01011381,450,327,127,121,1475,Leeds
E01011385,433,294,82,136,1338,Leeds
E01011386,750,493,127,112,1815,Leeds
E01011379,201,388,322,394,1611,Leeds
E01011384,392,388,187,192,1518,Leeds
E01032501,375,302,115,71,1149,Leeds
E01032502,230,534,366,484,1875,Leeds
E01011555,454,338,116,83,1383,Leeds
E01011558,257,403,284,641,1778,Leeds
E01011559,206,396,240,389,1474,Leeds
E01011560,195,398,369,665,1937,Leeds
E01011383,404,446,203,203,1673,Leeds
E01011388,399,375,253,185,1578,Leeds
E01011684,404,425,219,178,1557,Leeds
E01011695,248,408,299,499,1710,Leeds
E01011650,677,302,112,99,1522,Leeds
E01011651,538,386,106,214,1490,Leeds
E01011653,589,378,83,81,1376,Leeds
E01011655,625,264,99,77,1478,Leeds
E01011455,510,284,71,38,1371,Leeds
E01011456,687,336,152,53,2048,Leeds
E01011459,589,424,142,132,1679,Leeds
E01011461,676,359,80,38,1564,Leeds
E01011311,505,326,66,60,1265,Leeds
E01011649,639,364,80,51,1581,Leeds
E01011715,334,373,200,99,1354,Leeds
E01011719,316,387,184,77,1430,Leeds
E01011509,482,287,106,102,1436,Leeds
E01011511,470,367,164,139,1414,Leeds
E01011512,607,481,159,166,1722,Leeds
E01011515,585,365,125,106,1495,Leeds
E01011516,737,439,155,96,1744,Leeds
E01011508,518,379,110,145,1433,Leeds
E01011517,574,462,150,267,1716,Leeds
E01011652,566,319,83,141,1398,Leeds
E01011654,767,282,93,86,1473,Leeds
E01011505,451,506,198,198,1702,Leeds
E01011506,458,345,235,257,1539,Leeds
E01011507,572,464,219,117,1656,Leeds
E01011510,177,332,207,420,1528,Leeds
E01011514,622,525,193,162,1783,Leeds
E01011452,701,416,121,70,1651,Leeds
E01011454,648,500,161,67,1607,Leeds
E01011457,562,436,131,66,1630,Leeds
E01011458,1307,727,189,93,2677,Leeds
E01011465,559,480,144,242,1750,Leeds
E01011453,553,411,101,51,1566,Leeds
E01011460,468,426,216,181,1538,Leeds
E01011462,480,401,288,241,1728,Leeds
E01011463,299,391,302,369,1692,Leeds
E01011464,512,649,224,175,1810,Leeds
E01011714,422,616,274,213,1947,Leeds
E01011716,421,446,197,158,1588,Leeds
E01011717,212,469,286,284,1621,Leeds
E01011718,287,660,377,367,1972,Leeds
E01011720,102,304,417,353,1510,Leeds
E01011296,375,385,183,72,1625,Leeds
E01011297,601,471,208,124,1724,Leeds
E01011309,361,404,214,144,1505,Leeds
E01011310,562,337,150,119,1627,Leeds
E01011513,947,640,206,129,2238,Leeds
E01011688,501,367,196,267,1518,Leeds
E01011689,526,402,223,128,1611,Leeds
E01011691,277,450,154,389,1500,Leeds
E01011504,231,362,262,505,1564,Leeds
E01011641,767,415,75,70,1612,Leeds
E01011642,561,365,133,119,1383,Leeds
E01011645,648,363,134,125,1510,Leeds
E01011484,100,345,281,645,1599,Leeds
E01011485,322,391,228,434,1628,Leeds
E01011686,171,298,244,577,1541,Leeds
E01032493,398,376,209,117,1366,Leeds
E01032494,263,420,382,588,1911,Leeds
E01011350,485,489,160,102,1538,Leeds
E01011351,723,473,99,111,1714,Leeds
E01011352,637,558,163,196,1849,Leeds
E01011353,794,590,162,96,1934,Leeds
E01011656,107,335,338,577,1525,Leeds
E01011657,73,243,250,493,1281,Leeds
E01011659,125,352,289,441,1461,Leeds
E01011661,80,223,281,604,1707,Leeds
E01011643,512,336,132,76,1520,Leeds
E01011644,437,279,140,171,1339,Leeds
E01011646,389,583,250,277,1801,Leeds
E01011647,243,498,333,573,1880,Leeds
E01011648,385,456,257,485,1859,Leeds
E01011354,122,392,260,660,1574,Leeds
E01011355,259,396,259,356,1490,Leeds
E01011357,176,453,386,762,2056,Leeds
E01011450,265,376,156,275,1301,Leeds
E01011588,539,546,262,123,1777,Leeds
E01011589,604,486,121,120,1597,Leeds
E01011590,506,484,206,63,1699,Leeds
E01011592,454,487,223,106,1612,Leeds
E01011593,589,620,280,82,1966,Leeds
E01011421,107,391,255,487,1526,Leeds
E01011425,243,450,316,272,1552,Leeds
E01011658,216,343,284,593,1708,Leeds
E01011660,261,440,426,503,1826,Leeds
E01011662,60,304,304,585,1366,Leeds
E01011721,75,431,353,458,1565,Leeds
E01011722,262,571,437,570,2115,Leeds
E01011723,85,362,380,575,1716,Leeds
E01011724,109,481,474,509,1869,Leeds
E01011356,612,591,180,255,2017,Leeds
E01011358,236,398,279,383,1551,Leeds
E01011359,410,527,277,465,1895,Leeds
E01011360,123,547,357,953,2232,Leeds
E01011361,212,734,504,1085,2863,Leeds
E01011435,196,1315,102,132,1825,Leeds
E01011440,261,1054,100,144,1685,Leeds
E01011441,356,1150,107,211,1959,Leeds
E01035040,188,1183,126,165,1738,Leeds
E01035041,209,833,76,66,1302,Leeds
E01011477,328,522,253,531,2024,Leeds
E01011480,337,523,245,212,1639,Leeds
E01011488,328,554,186,285,1464,Leeds
E01011489,377,540,195,349,1765,Leeds
E01011324,101,288,259,625,1837,Leeds
E01011325,323,509,278,306,1644,Leeds
E01011326,97,395,295,488,1486,Leeds
E01011332,162,375,293,592,1620,Leeds
E01011423,170,439,267,641,1735,Leeds
E01011424,155,474,336,821,1938,Leeds
E01011427,71,419,462,962,2045,Leeds
E01011431,151,588,275,873,2097,Leeds
E01011422,154,367,281,655,1616,Leeds
E01011426,158,299,370,729,1698,Leeds
E01011428,99,396,342,1158,2138,Leeds
E01011429,135,346,381,936,2059,Leeds
E01011663,187,479,319,632,1701,Leeds
E01011664,120,313,248,422,1323,Leeds
E01011665,109,366,289,379,1387,Leeds
E01011667,41,298,356,774,1584,Leeds
E01011323,160,312,276,246,1297,Leeds
E01011329,279,483,264,118,1493,Leeds
E01011330,194,373,301,210,1345,Leeds
E01011333,157,330,283,315,1369,Leeds
E01011327,189,390,185,345,1348,Leeds
E01011328,269,405,334,317,1591,Leeds
E01011335,269,550,300,303,1710,Leeds
E01011591,431,560,228,135,1637,Leeds
E01011430,80,320,365,845,1732,Leeds
E01011432,75,238,386,889,1736,Leeds
E01011433,62,365,417,1025,1927,Leeds
E01011434,70,281,283,1101,1805,Leeds
E01011445,85,1498,45,120,1790,Leeds
E01011446,103,1303,86,183,1755,Leeds
E01011447,75,1056,56,134,1428,Leeds
E01011448,72,1171,84,265,1679,Leeds
E01011449,98,962,141,250,1480,Leeds
E01011670,200,553,210,633,2614,Leeds
E01011671,112,420,250,763,1687,Leeds
E01033002,376,745,307,511,2179,Leeds
E01033003,321,667,267,984,2293,Leeds
E01035042,65,424,100,260,2288,Leeds
E01035043,95,659,84,215,1416,Leeds
E01011478,287,824,200,334,1769,Leeds
E01011479,261,999,94,125,1521,Leeds
E01011481,169,828,176,437,1812,Leeds
E01011482,397,760,180,267,1737,Leeds
E01011483,117,693,167,522,1625,Leeds
E01011406,284,415,193,86,1315,Leeds
E01011407,147,369,375,199,1424,Leeds
E01011408,207,298,251,127,1493,Leeds
E01011409,297,392,253,154,1442,Leeds
E01011410,301,477,235,150,1658,Leeds
E01011412,428,564,236,140,1816,Leeds
E01011331,215,423,251,215,1340,Leeds
E01011334,184,402,304,330,1397,Leeds
E01011336,119,358,284,385,1551,Leeds
E01011337,61,407,382,765,1734,Leeds
E01011281,377,598,349,547,2182,Leeds
E01011282,113,355,285,442,1388,Leeds
E01011283,106,317,321,668,1575,Leeds
E01011286,218,403,243,210,1295,Leeds
E01011295,174,439,319,630,1708,Leeds
E01011339,259,467,324,697,2115,Leeds
E01011340,123,397,341,667,1816,Leeds
E01011342,65,375,466,767,1878,Leeds
E01011346,171,430,404,626,1892,Leeds
E01011341,376,572,488,470,2172,Leeds
E01011343,320,557,404,365,1980,Leeds
E01011345,134,361,346,376,1498,Leeds
E01011666,216,403,323,164,1424,Leeds
E01011585,182,407,263,273,1401,Leeds
E01011587,424,645,276,143,1748,Leeds
E01011594,238,436,301,301,1543,Leeds
E01011596,403,551,257,126,1648,Leeds
E01011598,442,491,209,136,1581,Leeds
E01011678,238,1093,92,263,4342,Leeds
E01011681,78,612,173,546,1693,Leeds
E01035044,118,938,85,124,2643,Leeds
E01035045,221,779,50,96,1308,Leeds
E01011338,168,265,392,989,2029,Leeds
E01011673,133,391,322,906,1862,Leeds
E01011677,116,269,319,757,1624,Leeds
E01033031,216,563,172,541,1608,Leeds
E01033035,58,315,347,1029,1817,Leeds
E01011344,76,399,272,1183,2057,Leeds
E01011347,109,390,515,849,1975,Leeds
E01011348,107,357,330,830,1796,Leeds
E01011349,71,300,274,862,1819,Leeds
E01011586,321,548,286,365,1850,Leeds
E01011595,640,675,199,284,2169,Leeds
E01011597,263,499,269,398,1707,Leeds
E01011599,374,530,250,218,1664,Leeds
E01011287,177,470,296,242,1461,Leeds
E01032499,290,523,286,239,1707,Leeds
E01032500,102,379,186,560,1386,Leeds
E01032606,306,580,445,476,2109,Leeds
E01032607,140,334,258,331,1273,Leeds
E01032608,137,345,192,284,1116,Leeds
E01011608,125,333,276,323,1379,Leeds
E01011609,130,393,330,351,1431,Leeds
E01011610,315,453,282,172,1530,Leeds
E01011611,98,323,342,504,1487,Leeds
E01011614,409,543,356,183,1860,Leeds
E01011413,273,540,263,78,1455,Leeds
E01011415,243,541,378,140,1639,Leeds
E01011416,252,482,321,145,1485,Leeds
E01011417,139,399,314,146,1528,Leeds
E01011420,228,313,204,71,1359,Leeds
E01011615,108,462,327,427,1581,Leeds
E01011617,93,393,354,554,1641,Leeds
E01011618,77,461,305,616,1660,Leeds
E01011621,71,367,294,637,1567,Leeds
E01011284,337,669,428,688,2216,Leeds
E01011292,166,433,323,783,1956,Leeds
E01011293,95,421,435,846,1963,Leeds
E01011294,89,260,167,447,1721,Leeds
E01011363,177,478,269,865,1961,Leeds
E01011616,128,320,357,565,1645,Leeds
E01011620,125,270,250,534,1383,Leeds
E01011622,137,352,326,774,1742,Leeds
E01011624,88,415,358,780,1858,Leeds
E01011411,467,546,241,123,1714,Leeds
E01011414,314,453,285,98,1500,Leeds
E01011418,347,450,183,114,1457,Leeds
E01011419,281,304,123,34,1109,Leeds
E01011396,381,679,261,221,1888,Leeds
E01011399,259,470,265,155,1502,Leeds
E01011400,234,360,250,188,1394,Leeds
E01011403,341,318,117,93,1515,Leeds
E01011623,52,481,318,696,1701,Leeds
E01011625,101,381,357,715,1724,Leeds
E01011626,322,716,327,840,2399,Leeds
E01033021,436,522,265,583,2067,Leeds
E01033033,488,359,60,142,1617,Leeds
E01033034,694,640,56,74,1480,Leeds
E01011602,397,563,259,235,1975,Leeds
E01011603,364,451,258,124,1592,Leeds
E01011605,470,522,277,90,1758,Leeds
E01011606,207,608,438,449,2048,Leeds
E01011613,408,486,325,349,1795,Leeds
E01011397,317,474,226,119,1501,Leeds
E01011398,250,349,193,78,1141,Leeds
E01011401,492,577,260,78,1773,Leeds
E01011404,333,465,213,64,1377,Leeds
E01011405,332,302,186,73,1474,Leeds
E01011725,75,320,284,697,1514,Leeds
E01011729,171,360,338,536,1700,Leeds
E01011730,98,401,316,597,1564,Leeds
E01011735,103,374,315,625,1693,Leeds
E01011600,329,448,269,95,1516,Leeds
E01011601,345,472,339,268,1622,Leeds
E01011604,355,425,199,118,1346,Leeds
E01011607,303,490,327,261,1658,Leeds
E01011612,167,353,201,236,1391,Leeds
E01011726,103,399,291,508,1561,Leeds
E01011727,258,509,338,173,1549,Leeds
E01011728,221,427,210,143,1384,Leeds
E01011739,77,381,346,539,1602,Leeds
E01011362,205,463,345,674,1935,Leeds
E01011731,237,414,279,175,1428,Leeds
E01011732,248,611,402,349,1982,Leeds
E01011733,168,495,309,235,1574,Leeds
E01011366,96,351,340,835,1786,Leeds
E01011368,78,365,346,765,1664,Leeds
E01011370,122,375,313,623,1689,Leeds
E01033013,262,409,185,421,1431,Leeds
E01035046,573,453,64,66,1158,Leeds
E01035047,272,350,207,430,1331,Leeds
E01011734,596,1068,545,298,2797,Leeds
E01011736,185,390,320,196,1402,Leeds
E01011737,142,384,243,476,1536,Leeds
E01011738,332,438,269,134,1497,Leeds
E01011364,257,509,390,779,2124,Leeds
E01011371,88,296,450,646,1812,Leeds
E01011373,113,286,326,726,1553,Leeds
E01011374,79,266,261,551,1251,Leeds
E01011312,67,256,471,1101,2025,Leeds
E01011316,100,409,392,1030,2014,Leeds
E01011372,91,306,416,845,1750,Leeds
E01011375,177,344,402,1064,2087,Leeds
E01011390,118,337,318,260,1365,Leeds
E01011391,190,385,259,222,1558,Leeds
E01011392,376,595,331,232,1984,Leeds
E01011402,363,494,365,138,2053,Leeds
E01011298,217,396,320,349,1556,Leeds
E01011299,529,947,646,320,2838,Leeds
E01011302,350,466,272,87,1781,Leeds
E01011303,129,316,260,145,1146,Leeds
E01011300,199,371,348,241,1457,Leeds
E01011301,213,356,245,83,1241,Leeds
E01011304,165,432,323,362,1587,Leeds
E01011305,235,477,325,182,1492,Leeds
E01011306,238,380,272,102,1301,Leeds
E01011315,141,400,318,512,1613,Leeds
E01011317,125,326,353,682,1776,Leeds
E01011318,69,357,233,720,1552,Leeds
E01011321,96,385,365,613,1660,Leeds
E01011369,167,434,319,328,1589,Leeds
E01011313,158,452,356,621,1744,Leeds
E01011314,103,440,350,485,1573,Leeds
E01011319,164,459,255,501,1604,Leeds
E01011320,152,467,417,465,1790,Leeds
E01011322,158,440,331,394,1659,Leeds
E01011471,83,325,277,675,1577,Leeds
E01011472,84,332,289,651,1656,Leeds
E01011473,113,319,264,689,1540,Leeds
E01011474,145,319,328,609,1591,Leeds
E01011518,504,807,339,332,2294,Leeds
E01011524,177,395,221,114,1216,Leeds
E01011526,324,446,218,73,1267,Leeds
E01011531,295,413,241,131,1670,Leeds
E01011466,88,371,329,432,1537,Leeds
E01011469,121,397,279,299,1418,Leeds
E01011475,75,287,375,684,1610,Leeds
E01011476,47,260,291,457,1231,Leeds
E01011519,287,409,281,286,1515,Leeds
E01011522,271,407,198,104,1370,Leeds
E01011525,235,514,295,191,1551,Leeds
E01011528,476,534,244,107,1599,Leeds
E01011532,180,467,355,334,1602,Leeds
E01011520,282,450,234,107,1497,Leeds
E01011521,444,676,378,218,2172,Leeds
E01011523,386,563,268,264,1893,Leeds
E01011527,262,580,256,137,1741,Leeds
E01011529,125,356,331,290,1365,Leeds
E01011635,461,545,205,160,1834,Leeds
E01011637,381,544,288,194,1691,Leeds
E01011638,285,399,240,102,1400,Leeds
E01032487,118,241,180,252,1042,Leeds
E01032488,501,492,231,119,1808,Leeds
E01011627,190,329,204,281,1358,Leeds
E01011628,220,352,181,82,1228,Leeds
E01011629,190,379,215,246,1308,Leeds
E01011632,116,320,242,484,1347,Leeds
E01011633,312,450,188,113,1467,Leeds
E01011502,109,340,331,326,1387,Leeds
E01032497,110,409,330,565,1610,Leeds
E01032498,188,426,352,251,1661,Leeds
E01035048,392,626,369,315,1894,Leeds
E01035049,367,525,302,159,1487,Leeds
E01011496,403,581,236,107,1522,Leeds
E01011630,459,694,296,179,2019,Leeds
E01011634,289,415,270,256,1585,Leeds
E01011636,471,516,268,148,1886,Leeds
E01011639,169,420,268,334,1509,Leeds
E01011491,72,320,303,591,1451,Leeds
E01011492,145,381,294,656,1732,Leeds
E01011493,84,416,328,630,1612,Leeds
E01011494,113,356,500,533,1681,Leeds
E01011497,122,398,384,626,1729,Leeds
E01011540,421,504,355,448,2016,Leeds
E01032489,428,714,385,333,2113,Leeds
E01032490,369,492,217,141,1396,Leeds
E01032491,314,454,115,109,1195,Leeds
E01032492,263,564,439,555,2104,Leeds
E01011307,150,387,369,326,1600,Leeds
E01011308,153,401,325,256,1496,Leeds
E01011393,607,696,346,166,2202,Leeds
E01011394,240,284,240,111,1156,Leeds
E01011395,273,375,240,177,1198,Leeds
E01011533,225,400,259,255,1387,Leeds
E01011541,257,638,287,304,2036,Leeds
E01011545,162,467,234,237,1359,Leeds
E01011547,290,636,375,365,1992,Leeds
E01011500,203,453,294,182,1577,Leeds
E01032496,482,792,395,232,2200,Leeds
E01035050,370,564,297,279,1619,Leeds
E01035051,358,677,340,128,1607,Leeds
E01035052,220,469,313,272,1453,Leeds
E01035053,364,657,381,200,1733,Leeds
E01011530,246,387,218,160,1367,Leeds
E01011534,649,867,348,248,2358,Leeds
E01011546,272,442,322,353,1723,Leeds
E01011548,254,403,329,152,1507,Leeds
E01011550,275,431,259,130,1354,Leeds
E01011537,276,548,392,209,2046,Leeds
E01011538,207,408,381,267,1584,Leeds
E01011551,383,639,300,242,1754,Leeds
E01011552,136,348,364,424,1523,Leeds
E01011535,458,467,257,141,1714,Leeds
E01011536,295,492,311,193,1653,Leeds
E01011549,411,490,265,66,1428,Leeds
E01011553,247,435,253,120,1380,Leeds
E01011685,859,488,115,127,2215,Leeds
E01011687,587,369,116,148,1527,Leeds
E01011690,492,386,80,87,1362,Leeds
E01011692,579,459,106,105,1502,Leeds
E01011693,516,555,144,156,1513,Leeds
E01011694,637,724,139,162,1855,Leeds
E01032876,726,377,97,74,1874,Leeds
E01011442,149,1437,82,157,1874,Leeds
E01011443,300,1247,103,151,1881,Leeds
E01011444,82,1604,98,141,1992,Leeds
E01011451,332,373,71,95,1553,Leeds
E01011668,166,1153,120,190,1705,Leeds
E01011669,206,827,83,175,1481,Leeds
E01032946,395,1109,89,117,3146,Leeds
E01033008,250,459,30,53,2148,Leeds
E01033010,244,680,46,89,3481,Leeds
E01033011,427,563,68,77,1344,Leeds
E01033015,667,651,98,73,1510,Leeds
E01033016,457,402,68,97,1047,Leeds
E01011467,400,475,305,443,1992,Leeds
E01011468,278,432,310,732,2031,Leeds
E01011470,89,328,303,350,1294,Leeds
E01035054,1094,849,135,88,2569,Leeds
E01011740,70,297,365,604,1599,Wakefield
E01011741,103,329,287,252,1405,Wakefield
E01011742,85,317,365,599,1679,Wakefield
E01011745,78,267,412,740,1748,Wakefield
E01011746,238,516,562,911,2519,Wakefield
E01011752,116,375,458,457,1672,Wakefield
E01011753,131,361,252,289,1426,Wakefield
E01011756,67,201,230,536,1385,Wakefield
E01011762,63,389,345,397,1520,Wakefield
E01034260,237,556,326,181,1423,Wakefield
E01034261,60,278,282,393,1242,Wakefield
E01011743,205,359,281,125,1407,Wakefield
E01011744,245,478,354,160,1609,Wakefield
E01011747,93,342,344,706,1707,Wakefield
E01011750,55,268,375,656,1640,Wakefield
E01011754,82,320,352,393,1538,Wakefield
E01011757,340,784,472,421,2369,Wakefield
E01011759,98,545,432,592,2014,Wakefield
E01011761,248,639,479,405,2198,Wakefield
E01011763,102,304,254,445,1426,Wakefield
E01011764,106,447,286,562,1749,Wakefield
E01011748,117,370,333,297,1534,Wakefield
E01011751,166,392,304,172,1296,Wakefield
E01011755,206,450,372,166,1555,Wakefield
E01034262,130,399,276,384,1360,Wakefield
E01034263,251,531,359,243,1524,Wakefield
E01011873,446,759,424,199,2082,Wakefield
E01011877,246,363,202,114,1349,Wakefield
E01011894,265,359,223,121,1298,Wakefield
E01011895,218,399,272,262,1417,Wakefield
E01011875,153,417,283,314,1441,Wakefield
E01011876,611,728,390,350,2404,Wakefield
E01011878,207,438,303,165,1508,Wakefield
E01011880,380,447,278,148,1574,Wakefield
E01011881,164,380,242,233,1371,Wakefield
E01011887,704,878,472,205,2572,Wakefield
E01011893,294,446,228,102,1479,Wakefield
E01011896,130,406,304,292,1520,Wakefield
E01011897,161,377,242,384,1557,Wakefield
E01011874,265,456,257,118,1573,Wakefield
E01011879,208,423,323,218,1433,Wakefield
E01011882,225,351,217,169,1410,Wakefield
E01011883,201,467,281,229,1511,Wakefield
E01011805,81,270,355,339,1347,Wakefield
E01011807,131,294,330,399,1390,Wakefield
E01011808,137,467,480,423,2014,Wakefield
E01011810,130,345,343,312,1411,Wakefield
E01011803,196,506,437,603,1964,Wakefield
E01011804,91,368,326,371,1527,Wakefield
E01011806,98,310,318,307,1410,Wakefield
E01011809,105,299,388,334,1493,Wakefield
E01011811,50,300,316,797,1695,Wakefield
E01011835,301,661,448,260,2159,Wakefield
E01011836,175,409,313,286,1456,Wakefield
E01011839,292,666,615,508,2541,Wakefield
E01011843,186,371,474,446,1713,Wakefield
E01011844,416,655,416,185,1944,Wakefield
E01011758,347,727,560,623,2555,Wakefield
E01011812,483,856,429,277,2497,Wakefield
E01011820,104,437,382,275,1477,Wakefield
E01011821,141,365,226,253,1383,Wakefield
E01011885,297,427,275,84,1565,Wakefield
E01011886,495,601,323,235,2094,Wakefield
E01011888,271,340,188,93,1386,Wakefield
E01011890,332,444,209,137,1391,Wakefield
E01011891,251,330,242,298,1520,Wakefield
E01011834,284,531,438,446,2007,Wakefield
E01011837,189,384,342,471,1693,Wakefield
E01011838,170,477,383,588,1941,Wakefield
E01011841,469,604,359,332,2194,Wakefield
E01011842,78,208,232,555,1369,Wakefield
E01011813,96,378,410,583,1797,Wakefield
E01011814,139,365,432,617,1801,Wakefield
E01011815,148,366,283,291,1465,Wakefield
E01011816,66,225,369,478,1451,Wakefield
E01011819,165,425,448,356,1688,Wakefield
E01011822,144,325,369,384,1461,Wakefield
E01011884,846,809,380,305,2741,Wakefield
E01011912,227,386,282,691,1886,Wakefield
E01011913,136,346,302,958,1991,Wakefield
E01034264,78,250,248,654,1361,Wakefield
E01034265,94,235,136,531,1214,Wakefield
E01011840,131,489,409,466,1785,Wakefield
E01011850,89,316,333,584,1606,Wakefield
E01011852,169,348,350,547,1715,Wakefield
E01011853,113,311,287,377,1379,Wakefield
E01011920,311,581,387,586,2868,Wakefield
E01011923,481,511,178,166,1654,Wakefield
E01011924,230,408,345,420,1715,Wakefield
E01011925,97,399,445,653,1830,Wakefield
E01011909,198,309,196,294,1381,Wakefield
E01011910,90,266,242,635,1600,Wakefield
E01011911,66,302,419,660,1646,Wakefield
E01011914,73,289,350,686,1629,Wakefield
E01011915,82,340,354,701,1690,Wakefield
E01011823,188,407,254,168,1433,Wakefield
E01011824,190,379,407,467,1686,Wakefield
E01011825,344,563,368,232,1833,Wakefield
E01011826,307,402,288,134,1492,Wakefield
E01011827,117,338,218,111,1184,Wakefield
E01011828,206,471,266,203,1453,Wakefield
E01011889,339,611,276,120,1566,Wakefield
E01011892,237,560,436,333,1869,Wakefield
E01011919,154,436,459,599,1900,Wakefield
E01011921,202,365,327,307,1495,Wakefield
E01011926,95,284,372,821,1774,Wakefield
E01011927,118,255,252,506,1445,Wakefield
E01011845,403,443,235,125,1806,Wakefield
E01011846,229,396,250,151,1349,Wakefield
E01011847,279,332,325,81,1416,Wakefield
E01011848,300,350,234,100,1431,Wakefield
E01011851,162,351,237,360,1469,Wakefield
E01011776,135,365,369,466,1691,Wakefield
E01011777,137,346,284,268,1434,Wakefield
E01011778,98,407,336,399,1576,Wakefield
E01011817,199,409,292,387,1507,Wakefield
E01011818,181,286,290,239,1344,Wakefield
E01034266,377,716,347,125,1654,Wakefield
E01034267,259,493,295,212,1391,Wakefield
E01034268,200,355,237,256,1306,Wakefield
E01011829,245,426,299,140,1390,Wakefield
E01011830,184,334,223,205,1391,Wakefield
E01011831,257,459,317,330,1705,Wakefield
E01011832,172,370,266,302,1488,Wakefield
E01011833,281,395,231,181,1467,Wakefield
E01011899,88,314,393,623,1624,Wakefield
E01011900,121,295,306,482,1515,Wakefield
E01011901,69,305,369,755,1721,Wakefield
E01011904,130,297,390,673,1695,Wakefield
E01011918,349,633,503,612,2402,Wakefield
E01011922,66,308,278,515,1423,Wakefield
E01011779,101,338,340,383,1472,Wakefield
E01011780,51,296,365,755,1843,Wakefield
E01011781,271,551,541,645,2412,Wakefield
E01011782,184,423,314,277,1589,Wakefield
E01011783,178,428,440,405,1722,Wakefield
E01011902,151,312,273,227,1383,Wakefield
E01011903,133,242,229,195,1229,Wakefield
E01011905,385,414,196,142,1615,Wakefield
E01011907,171,444,343,575,1864,Wakefield
E01011793,181,470,331,163,1647,Wakefield
E01011794,140,290,327,319,1366,Wakefield
E01011795,123,271,302,257,1309,Wakefield
E01011796,356,411,348,175,1638,Wakefield
E01011799,208,350,254,253,1479,Wakefield
E01011800,298,521,271,164,1611,Wakefield
E01011898,120,406,309,483,1502,Wakefield
E01011906,76,226,378,771,1672,Wakefield
E01011908,281,686,453,799,2585,Wakefield
E01011917,106,344,327,783,1779,Wakefield
E01011944,167,341,290,477,1452,Wakefield
E01011797,507,562,254,120,1854,Wakefield
E01011798,272,345,266,182,1356,Wakefield
E01011801,194,403,278,295,1476,Wakefield
E01011802,251,313,216,192,1461,Wakefield
E01011765,289,612,375,315,1983,Wakefield
E01011766,350,430,256,279,1640,Wakefield
E01011773,265,390,221,99,1423,Wakefield
E01011774,215,370,312,227,1477,Wakefield
E01011939,391,363,141,54,1430,Wakefield
E01011945,406,320,137,130,1481,Wakefield
E01011947,407,304,137,53,1517,Wakefield
E01011948,540,364,129,51,1604,Wakefield
E01011767,468,443,250,110,1814,Wakefield
E01011768,265,321,234,167,1331,Wakefield
E01011770,300,393,388,293,1875,Wakefield
E01011849,267,384,200,108,1561,Wakefield
E01011857,378,366,206,156,1672,Wakefield
E01034269,350,448,298,150,1537,Wakefield
E01034270,455,592,338,158,1687,Wakefield
E01011928,149,338,237,223,1357,Wakefield
E01011931,208,376,266,137,1391,Wakefield
E01011932,286,430,211,94,1382,Wakefield
E01011938,281,425,241,119,1620,Wakefield
E01011929,358,615,357,213,2167,Wakefield
E01011930,286,501,333,139,1656,Wakefield
E01011933,229,357,360,271,1597,Wakefield
E01011937,245,375,185,87,1296,Wakefield
E01011934,381,464,238,122,1618,Wakefield
E01011936,213,359,267,401,1579,Wakefield
E01011940,182,424,366,450,1659,Wakefield
E01011943,220,572,442,555,2115,Wakefield
E01011935,620,655,283,100,2033,Wakefield
E01011941,316,291,189,183,1517,Wakefield
E01011942,326,314,106,97,1289,Wakefield
E01011946,347,336,221,69,1441,Wakefield
E01011785,299,581,546,566,2275,Wakefield
E01011789,79,264,303,490,1435,Wakefield
E01011791,99,343,295,466,1518,Wakefield
E01011792,57,243,289,610,1460,Wakefield
E01011771,76,272,300,351,1351,Wakefield
E01011772,161,392,390,323,1637,Wakefield
E01011784,135,412,346,402,1751,Wakefield
E01011786,104,421,342,451,1556,Wakefield
E01011854,121,353,407,515,1573,Wakefield
E01011855,184,404,280,281,1465,Wakefield
E01011856,115,329,329,373,1416,Wakefield
E01011858,232,507,400,342,1794,Wakefield
E01011787,186,365,345,304,1626,Wakefield
E01011788,209,347,309,236,1658,Wakefield
E01011790,96,308,279,558,1589,Wakefield
E01011865,89,314,351,482,1665,Wakefield
E01011867,110,364,344,454,1609,Wakefield
E01011859,99,229,232,403,1386,Wakefield
E01011869,50,226,223,604,1306,Wakefield
E01011870,106,270,229,262,1345,Wakefield
E01011871,77,313,363,372,1462,Wakefield
E01011860,229,338,304,255,1499,Wakefield
E01011861,196,488,458,404,1944,Wakefield
E01011862,218,554,542,631,2348,Wakefield
E01011863,40,247,297,758,1594,Wakefield
E01011864,46,349,339,724,1729,Wakefield
E01011866,148,319,373,477,1723,Wakefield
E01011868,219,548,500,524,2172,Wakefield
E01011872,69,327,353,545,1561,Wakefield